{"homography_matrix": [[1.246368152890003, 0.02054860971790897, -45.36766624205119], [-0.16509034239698064, 0.3818828490060513, -207.00684799443272], [0.0021498798495956004, 4.7115839129005083e-05, 1.0]], "image_size": [1920, 1080]}