{"homography": [[-0.0033243150517367386, 0.20596929582032647, 197.657045849756], [0.21757108337704756, 0.005189644769147318, -232.03662194253192], [-1.656157991777506e-05, -3.9344272825356194e-05, 1.0]], "image_size": [1920, 1080]}