{"homography": [[0.03095596830402595, 0.20609471842563296, 241.3877464740638], [0.20525834359888764, 0.003417976156225064, -215.77173880097465], [9.34985550502391e-05, -2.2562637613874048e-05, 1.0]], "image_size": [1920, 1080]}