{"homography": [[0.006648051028291996, 0.2224967443638106, 219.8760570257101], [0.20862318656571086, -0.00032473097646136485, -205.60320521187856], [1.9892070603995532e-05, 3.83669457868269e-05, 1.0]], "image_size": [1920, 1080]}